title,rating,votes,genre_ids,language,release_date
Final Destination Bloodlines,7.203,991,"[27, 9648]",en,2025-05-14
The Amateur,6.9,547,"[53, 28]",en,2025-04-09
STRAW,8.038,542,"[53, 18, 80]",en,2025-06-05
Lilo & Stitch,7.104,670,"[10751, 878, 35, 12]",en,2025-05-17
How to Train Your Dragon,7.9,308,"[28, 10751, 14]",en,2025-06-06
Candle in the Tomb: The Worm Valley,8.0,3,"[28, 12, 27]",zh,2023-09-22
Hunt the Wicked,5.571,7,[28],zh,2024-02-12
Predator: Killer of Killers,7.997,548,"[16, 28, 878]",en,2025-06-05
The Accountant²,7.2,851,"[9648, 80, 53]",en,2025-04-23
Deep Cover,6.743,144,"[28, 35, 80]",en,2025-06-12
Utopia,5.432,37,"[9648, 53, 28, 878]",en,2024-12-09
Life After Fighting,7.1,38,"[28, 18, 53]",en,2024-06-07
Sinners,7.552,1548,"[27, 53, 14]",en,2025-04-16
K.O.,6.584,131,"[28, 18, 12]",fr,2025-06-05
Mikaela,6.196,51,"[28, 53]",es,2025-01-31
A Minecraft Movie,6.507,1818,"[10751, 35, 12, 14]",en,2025-03-31
The Roundup: Punishment,6.854,140,"[28, 80, 18, 53, 35]",ko,2024-04-24
Crazy Lizard,0.0,0,"[28, 53, 27]",zh,2024-03-27
Kayara,7.724,49,"[12, 16, 10751]",en,2025-01-02
Diablo,6.767,30,"[28, 53]",en,2025-06-13
Possessions,4.0,18,[27],en,2024-04-12
28 Years Later,7.486,73,"[27, 53, 878]",en,2025-06-18
Ballerina,7.1,324,"[28, 53, 80]",en,2025-06-04
Mission: Impossible - The Final Reckoning,7.154,811,"[28, 12, 53]",en,2025-05-17
The Ugly Stepsister,7.111,185,"[27, 35, 14, 18]",no,2025-03-07
Echo Valley,6.478,114,"[53, 18]",en,2025-06-13
A Working Man,6.69,1265,"[28, 80, 53]",en,2025-03-26
Snow White,4.282,1144,"[10751, 14]",en,2025-03-12
3ão: An Endless Story,8.375,4,"[10751, 12]",pt,2023-12-11
Laila,5.8,5,"[35, 10749]",te,2025-02-14
Snow White,6.4,5,"[16, 10751, 14]",en,2025-03-07
How to Train Your Dragon,7.845,13498,"[14, 12, 16, 10751]",en,2010-03-18
Moana 2,7.076,2481,"[16, 12, 10751, 35]",en,2024-11-21
Shadow Force,6.418,79,"[28, 18, 53]",en,2025-05-01
Thunderbolts*,7.403,1140,"[28, 878, 12]",en,2025-04-30
Warfare,7.184,595,"[10752, 28]",en,2025-04-09
Taandob,8.75,4,"[28, 53]",bn,2025-06-07
28 Days Later,7.239,7224,"[27, 53, 878]",en,2002-10-31
How to Train Your Dragon 2,7.675,9874,"[14, 28, 12, 16, 35, 10751]",en,2014-06-05
Captain America: Brave New World,6.072,2191,"[28, 53, 878]",en,2025-02-12
Karate Kid: Legends,6.872,148,"[28, 12, 18]",en,2025-05-08
Párvulos: Children of the Apocalypse,7.068,22,[27],es,2024-10-18
Fear Below,6.656,61,"[27, 28, 12, 53]",en,2025-05-02
Until Dawn,6.57,695,"[27, 9648]",en,2025-04-23
Elio,6.788,26,"[10751, 35, 12, 16, 878]",en,2025-06-18
Kiff Lore of the Ring Light,6.857,7,"[16, 12, 35, 14, 10751, 10402]",en,2025-01-21
The Last Stand of Ellen Cole,8.119,21,"[28, 12]",en,2024-10-18
In the Lost Lands,6.5,485,"[28, 14, 12]",en,2025-02-27
My Fault,7.8,3711,"[10749, 18]",es,2023-06-08
Mudbrick,4.8,5,"[27, 18]",sr,2024-10-10
xXx,5.945,4439,"[28, 12, 53, 80]",en,2002-08-09
Sonic the Hedgehog 3,7.715,2694,"[28, 878, 35, 10751]",en,2024-12-19
Stepmom's Desire,7.2,20,"[18, 10749]",ko,2020-05-29
Chijin no Ai,6.0,1,[18],ja,2024-11-29
My Old Ass,6.9,335,"[35, 18]",en,2024-09-13
How to Train Your Dragon: The Hidden World,7.75,6642,"[16, 10751, 12]",en,2019-01-03
Lilo & Stitch,7.555,6630,"[16, 10751, 35]",en,2002-06-21
Sikandar,4.941,51,"[28, 18]",hi,2025-03-29
Sex Education Mistresses,5.9,5,[35],ja,1973-11-20
Our Times,6.768,41,"[878, 10749, 35]",es,2025-06-09
Savages,7.0,23,"[12, 16, 18, 10751]",fr,2024-10-16
Jewel Thief - The Heist Begins,6.81,63,"[28, 53]",hi,2025-04-24
Mufasa: The Lion King,7.393,2207,"[12, 10751, 16]",en,2024-12-18
My Massive Cock,5.8,8,[99],en,2022-10-24
Tin Soldier,5.0,58,"[28, 53]",en,2025-05-22
Woodwalkers,6.204,27,"[10751, 14]",de,2024-10-17
Materialists,7.3,27,"[10749, 18]",en,2025-06-12
F1 The Movie,8.7,3,"[28, 18]",en,2025-06-25
Jurassic World Rebirth,0.0,0,"[878, 12, 28]",en,2025-07-01
Wunderschöner,8.1,17,"[35, 18, 10749]",de,2025-02-13
Cells at Work!,7.5,21,"[12, 28, 35, 14]",ja,2024-12-13
Exterritorial,6.77,479,"[53, 28]",de,2025-04-29
The Containment,7.714,14,"[27, 9648]",es,2025-06-05
The Wild Robot,8.313,5074,"[16, 878, 10751]",en,2024-09-12
Words of War,5.833,6,"[18, 53]",en,2025-05-02
The Gorge,7.711,2705,"[10749, 878, 53]",en,2025-02-13
The Monkey,5.947,718,"[27, 35]",en,2025-02-14
Bambi: A Life in the Woods,6.036,28,"[12, 10751, 99]",fr,2024-10-16
The Legend of Ochi,6.4,123,"[10751, 14, 12]",en,2025-04-18
Claudia,0.0,0,[18],en,1985-12-12
Brave Citizen,7.031,49,"[28, 18, 35]",ko,2023-10-25
Inside Out 2,7.6,5924,"[16, 12, 35, 10751]",en,2024-06-11
Skin. Like. Sun.,5.886,101,[10749],fr,2009-10-10
Panda Plan,6.9,206,"[28, 35]",zh,2024-10-01
Your Fault,7.137,1279,"[10749, 18]",es,2024-12-26
Venom: The Last Dance,6.716,3502,"[28, 878, 12]",en,2024-10-22
28 Weeks Later,6.623,4607,"[27, 53, 878]",en,2007-04-26
Deadpool & Wolverine,7.6,7377,"[28, 35, 878]",en,2024-07-24
Beach House,6.474,65,[35],it,1977-10-27
Rosario,5.628,43,[27],en,2025-05-01
On Swift Horses,6.095,37,"[18, 10749]",en,2025-04-24
What We Wanted to Be,8.333,3,"[18, 35, 10749]",es,2024-10-18
Havoc,6.464,838,"[28, 80, 53]",en,2025-04-25
Kung Fu Panda 4,7.061,3110,"[16, 10751, 28, 35, 12, 14]",en,2024-03-02
Fear Street: Prom Queen,5.389,320,"[27, 9648]",en,2025-05-23
Jokōsei torio: seikan shiken,0.0,0,"[10749, 18]",ja,1977-02-23
Titan: The OceanGate Submersible Disaster,7.101,69,"[99, 18]",en,2025-06-06
The Substance,7.145,4748,"[18, 27, 878]",en,2024-09-07
Interstellar,8.455,37300,"[12, 18, 878]",en,2014-11-05
Despicable Me 4,7.041,2810,"[10751, 35, 16, 878]",en,2024-06-20
Belyas,7.333,6,[18],tl,2025-02-07
Death of a Unicorn,6.428,297,"[27, 14, 35]",en,2025-03-27
Interstellar,8.455,37300,"[12, 18, 878]",en,2014-11-05
The Substance,7.1,4747,"[18, 27, 878]",en,2024-09-07
Last Bullet,6.597,181,"[28, 80, 53, 18]",fr,2025-05-06
Superman,0.0,0,"[28, 12, 878]",en,2025-07-09
Rust,6.333,60,[37],en,2025-05-01
The Accountant,7.122,6750,"[80, 53, 18]",en,2016-10-13
Final Destination,6.621,6105,[27],en,2000-03-17
Ne Zha 2,8.031,178,"[16, 14, 12]",zh,2025-01-29
A Whale,5.5,8,[9648],es,2025-03-28
Novocaine,6.9,886,"[28, 35, 53]",en,2025-03-12
Conjuring the Cult,5.719,32,"[27, 18]",en,2024-10-01
Flow,8.2,2048,"[16, 14, 12]",lv,2024-08-29
Companion,7.1,1390,"[27, 878, 53]",en,2025-01-22
Flight Risk,6.096,795,"[28, 53]",en,2025-01-22
Harry Potter and the Philosopher's Stone,7.901,28287,"[12, 14]",en,2001-11-16
Ask Me What You Want,6.237,215,"[10749, 18]",es,2024-11-29
Wild Awakening,5.278,18,"[18, 10749, 53]",es,2016-10-23
Victoria,5.0,1,[18],ml,2024-12-14
The Haunting at Saint Joseph's,4.5,12,"[27, 53]",en,2023-02-26
Ne Zha 2,8.031,178,"[16, 14, 12]",zh,2025-01-29
Titanic,7.906,26067,"[18, 10749]",en,1997-11-18
Victoria,5.0,1,[18],ml,2024-12-14
Panda Bear in Africa,6.9,54,"[16, 12, 35, 10751]",nl,2024-03-15
Devara: Part 1,6.9,195,"[28, 18]",te,2024-09-26
Harry Potter and the Philosopher's Stone,7.901,28287,"[12, 14]",en,2001-11-16
The Godfather,8.686,21546,"[18, 80]",en,1972-03-14
Mission: Impossible - Dead Reckoning Part One,7.53,4391,"[28, 12, 53]",en,2023-07-08
Kraven the Hunter,6.555,1766,"[28, 12, 53]",en,2024-12-11
Loco Por Ella,7.5,14,[35],es,2025-04-17
Gladiator II,6.707,3531,"[28, 12, 18]",en,2024-11-13
The Shawshank Redemption,8.712,28451,"[18, 80]",en,1994-09-23
Alien: Romulus,7.2,3734,"[27, 878]",en,2024-08-13
Lilo & Stitch 2: Stitch Has a Glitch,6.677,1520,"[16, 10751, 35, 878]",en,2005-08-22
John Wick: Chapter 4,7.723,7150,"[28, 53, 80]",en,2023-03-22
Words of War,5.833,6,"[18, 53]",en,2025-05-02
A Widow's Game,6.434,137,"[53, 9648]",es,2025-05-29
Warrior Queen,3.6,31,"[28, 36, 12]",en,1987-01-26
Dune: Part Two,8.144,6750,"[878, 12]",en,2024-02-27
Warrior Queen,3.6,31,"[28, 36, 12]",en,1987-01-26
Oppenheimer,8.1,10339,"[18, 36]",en,2023-07-19
The Super Mario Bros. Movie,7.619,9753,"[10751, 35, 12, 16]",en,2023-04-05
Loco Por Ella,7.5,14,[35],es,2025-04-17
Lilo & Stitch 2: Stitch Has a Glitch,6.677,1520,"[16, 10751, 35, 878]",en,2005-08-22
Anora,7.06,2291,"[18, 35, 10749]",en,2024-10-14
Dune: Part Two,8.144,6750,"[878, 12]",en,2024-02-27
Saint Catherine,6.8,53,[27],en,2024-09-24
Final Destination 5,6.146,3727,"[27, 9648]",en,2011-08-12
How to Train Your Dragon: Homecoming,8.028,1025,"[16, 14, 12, 28, 10751]",en,2019-12-03
Red One,7.042,2549,"[28, 35, 14]",en,2024-10-31
Coraline,7.893,8410,"[16, 10751, 14]",en,2009-02-05
Final Destination 3,6.1,4163,"[27, 9648]",en,2006-02-09
Mickey 17,6.899,2233,"[878, 35, 12]",en,2025-02-28
Spider-Man: Across the Spider-Verse,8.346,7640,"[16, 28, 12, 878]",en,2023-05-31
A Widow's Game,6.434,137,"[53, 9648]",es,2025-05-29
Top Gun: Maverick,8.175,9925,"[28, 18]",en,2022-05-21
Spider-Man: No Way Home,7.944,20828,"[28, 12, 878]",en,2021-12-15
Locked,6.196,189,"[53, 27]",en,2025-03-20
"The Chronicles of Narnia: The Lion, the Witch and the Wardrobe",7.132,10946,"[12, 10751, 14]",en,2005-12-07
"The Chronicles of Narnia: The Lion, the Witch and the Wardrobe",7.132,10946,"[12, 10751, 14]",en,2005-12-07
Fifty Shades of Grey,5.885,12009,"[18, 10749, 53]",en,2015-02-11
G20,6.561,529,"[28, 9648, 18]",en,2025-04-10
Harry Potter and the Chamber of Secrets,7.708,22587,"[12, 14]",en,2002-11-13
The Woman in the Yard,6.2,205,"[27, 9648]",en,2025-03-27
Cheer to Life,6.0,12,"[35, 18, 10749]",pt,2025-01-30
Final Destination 2,6.286,4402,"[27, 9648]",en,2003-01-31
Amaran,7.4,232,"[28, 18, 12, 10752]",ta,2024-10-31
Fast X,7.0,5922,"[28, 80, 53, 12, 9648]",en,2023-05-17
Marriage Unplugged,6.0,1,[],en,2024-10-28
Vermiglio,7.061,223,[18],it,2024-09-19
Wicked,6.9,2189,"[18, 10749, 14]",en,2024-11-20
The Maze Runner,7.2,17398,"[28, 9648, 878, 53]",en,2014-09-10
Barbie,6.971,9987,"[35, 12]",en,2023-07-19
The Future Awaits,6.9,14,"[18, 36, 10752]",fr,2025-02-26
Jurassic World: Fallen Kingdom,6.54,12100,"[28, 12, 878, 53]",en,2018-06-06
The Final Destination,5.619,3542,"[27, 9648]",en,2009-08-26
Counterattack,8.323,702,"[28, 12, 53]",es,2025-02-27
Twilight,6.286,13827,"[14, 18, 10749]",en,2008-11-20
Shrek,7.752,17742,"[16, 35, 14, 12, 10751]",en,2001-05-18
"Miraculous World: London, At the Edge of Time",7.4,268,"[16, 12, 28, 14]",fr,2024-11-14
Twilight,6.286,13827,"[14, 18, 10749]",en,2008-11-20
Shrek,7.752,17743,"[16, 35, 14, 12, 10751]",en,2001-05-18
Zootopia,7.748,16736,"[16, 12, 10751, 35]",en,2016-02-11
Sorority,0.0,0,"[18, 10749]",tl,2025-06-13
Harry Potter and the Goblet of Fire,7.8,21224,"[12, 14]",en,2005-11-16
Smile 2,6.589,1593,"[27, 9648]",en,2024-10-16
Batman Ninja vs. Yakuza League,6.7,163,"[16, 28]",ja,2025-03-17
The Lord of the Rings: The Fellowship of the Ring,8.4,26050,"[12, 14, 28]",en,2001-12-18
Demon City,7.027,244,"[28, 80, 14, 53]",ja,2025-02-26
A Kind of Madness,5.0,1,[18],en,2025-04-11
Harry Potter and the Prisoner of Azkaban,8.0,22166,"[12, 14]",en,2004-05-31
Dune,7.781,13628,"[878, 12]",en,2021-09-15
The Dark Knight,8.52,33965,"[18, 28, 80, 53]",en,2008-07-16
Cleaner,6.53,286,"[28, 53]",en,2025-02-19
The Flash,6.65,4575,"[12, 28, 878]",en,2023-06-13
The Matrix,8.227,26470,"[28, 878]",en,1999-03-31
Jurassic World Dominion,6.66,6418,"[12, 28, 878]",en,2022-06-01
Mission: Impossible,7.002,9328,"[12, 28, 53]",en,1996-05-22
Apocalypse Z: The Beginning of the End,6.743,1087,"[18, 28, 27]",es,2024-10-04
Terrifier 3,6.845,1614,"[27, 53]",en,2024-10-09
Memoir of a Snail,8.089,559,"[16, 18, 35]",en,2024-10-17
Solo Leveling -ReAwakening-,6.9,222,"[28, 12, 14, 16]",ja,2024-11-26
Joker,8.136,26527,"[80, 53, 18]",en,2019-10-01
Graduation Trip: Mallorca,5.408,38,[35],es,2025-05-30
Toy Story,7.969,18900,"[16, 12, 10751, 35]",en,1995-11-22
Spaceballs,6.8,3108,"[35, 878]",en,1987-06-24
John Wick: Chapter 2,7.334,13479,"[28, 53, 80]",en,2017-02-08
Gladiator,8.22,19780,"[28, 18, 12]",en,2000-05-04
Pirates of the Caribbean: The Curse of the Black Pearl,7.811,21181,"[12, 14, 28]",en,2003-07-09
The Beekeeper,7.303,3632,"[28, 80, 53]",en,2024-01-08
After,7.12,8352,"[10749, 18]",en,2019-04-11
Lost in Starlight,7.223,56,"[16, 10749, 878]",ko,2025-05-30
The Old Woman with the Knife,6.2,9,"[28, 9648, 18]",ko,2025-04-30
Way Home,6.9,13,"[18, 53]",da,2024-11-28
The Alcove,5.2,32,"[18, 10749, 53]",it,1985-01-21
Hurry Up Tomorrow,5.5,74,"[10402, 53]",en,2025-05-14
The Hangover,7.324,17289,[35],en,2009-06-02
Dirty Angels,6.3,265,"[28, 18, 53, 10752]",en,2024-12-11
Room in Rome,6.407,774,"[18, 10749]",es,2010-05-07
Toy Story,8.0,18899,"[16, 12, 10751, 35]",en,1995-11-22
Pizza Dare 1,6.222,9,[10749],ko,2020-04-10
Avatar: The Way of Water,7.611,12617,"[878, 12, 28]",en,2022-12-14
An Endless Wedding,4.603,34,"[35, 10749, 14]",fr,2025-05-30
Sidelined: The QB and Me,6.1,66,"[35, 10749]",en,2025-02-06
Bullet Train Explosion,6.93,213,"[28, 53, 80, 18]",ja,2025-04-23
Terrifier 3,6.845,1614,"[27, 53]",en,2024-10-09
The Hangover,7.324,17289,[35],en,2009-06-02
Mischief,8.0,6,"[18, 10749]",tl,2024-09-20
The Fantastic Four: First Steps,0.0,0,"[878, 12]",en,2025-07-23
Fight Club,8.438,30372,[18],en,1999-10-15
Rita,6.6,14,[18],tl,2024-03-22
Dune,7.781,13628,"[878, 12]",en,2021-09-15
Harry Potter and the Deathly Hallows: Part 2,8.086,21069,"[14, 12]",en,2011-07-12
Dog Man,7.8,258,"[10751, 35, 12, 16]",en,2025-01-24
The Tomorrow War,7.507,3716,"[28, 878, 12]",en,2021-09-03
Harry Potter and the Half-Blood Prince,7.683,19912,"[12, 14]",en,2009-07-15
Desert Dawn,6.7,14,"[28, 80, 9648, 53]",en,2025-05-15
"Monsters, Inc.",7.8,18904,"[16, 35, 10751]",en,2001-11-01
Couple Exchange,9.5,2,[10749],ko,2023-03-16
Rita,6.6,14,[18],tl,2024-03-22
Dog Man,7.8,258,"[10751, 35, 12, 16]",en,2025-01-24
The Tomorrow War,7.507,3716,"[28, 878, 12]",en,2021-09-03
Desert Dawn,6.7,14,"[28, 80, 9648, 53]",en,2025-05-15
Couple Exchange,9.5,2,[10749],ko,2023-03-16
The Garfield Movie,7.1,1279,"[10751, 35, 12, 16]",en,2024-04-30
Avengers: Endgame,8.24,26426,"[12, 878, 28]",en,2019-04-24
Me Before You,7.931,12684,"[18, 10749]",en,2016-06-01
"Monsters, Inc.",7.8,18904,"[16, 35, 10751]",en,2001-11-01
Spirited Away,8.537,17217,"[16, 10751, 14]",ja,2001-07-20
The Wolf of Wall Street,8.029,24704,"[80, 18, 35]",en,2013-12-25
Elemental,7.613,4831,"[16, 35, 10751, 14, 10749]",en,2023-06-14
Wick Is Pain,7.406,53,[99],en,2025-05-08
Nosferatu,6.719,2732,"[18, 27, 14]",en,2024-12-25
Prisoners,8.098,12227,"[18, 53, 80]",en,2013-09-19
Wolfgang,6.6,18,"[10751, 18, 10402]",ca,2025-03-14
Harry Potter and the Deathly Hallows: Part 2,8.086,21069,"[14, 12]",en,2011-07-12
The Phoenician Scheme,7.0,226,"[12, 35]",en,2025-05-23
The Surfer,6.295,73,"[18, 53]",en,2025-04-11
The Beekeeper,7.303,3632,"[28, 80, 53]",en,2024-01-08
Blade Runner 2049,7.582,14183,"[878, 18]",en,2017-10-04
Toy Story 2,7.6,14193,"[16, 35, 10751]",en,1999-10-30
The Wolf of Wall Street,8.029,24705,"[80, 18, 35]",en,2013-12-25
The Phoenician Scheme,7.0,226,"[12, 35]",en,2025-05-23
Another Simple Favor,5.851,348,"[35, 53, 80]",en,2025-03-07
Mission: Impossible - Fallout,7.441,8554,"[28, 12]",en,2018-07-25
Mischief,8.0,6,"[18, 10749]",tl,2024-09-20
Harry Potter and the Deathly Hallows: Part 1,7.7,19534,"[12, 14]",en,2010-11-17
12 Angry Men,8.548,9191,[18],en,1957-04-10
Jurassic World,6.696,20738,"[28, 12, 878, 53]",en,2015-06-06
Frozen,7.2,16899,"[16, 10751, 12, 14]",en,2013-11-20
The Notebook,7.891,11922,"[10749, 18]",en,2004-05-25
Transformers: Rise of the Beasts,7.2,4941,"[878, 12, 28]",en,2023-06-06
Puss in Boots: The Last Wish,8.215,8247,"[16, 12, 14, 35, 10751]",en,2022-12-07
Ratatouille,7.828,17560,"[16, 35, 10751, 14]",en,2007-06-28
Furiosa: A Mad Max Saga,7.476,4213,"[28, 878, 12]",en,2024-05-22
Fight or Flight,6.053,133,"[28, 35, 53]",en,2025-04-03
"The Good, the Bad and the Ugly",8.463,9032,[37],it,1966-12-22
Trainwreck: The Astroworld Tragedy,6.648,27,[99],en,2025-06-09
Wolfgang,6.6,18,"[10751, 18, 10402]",ca,2025-03-14
Road House,6.946,2540,"[28, 53]",en,2024-03-08
IF,7.1,1375,"[35, 14, 10751]",en,2024-05-08
Wick Is Pain,7.406,53,[99],en,2025-05-08
Inside Out,7.9,22556,"[16, 10751, 12, 18, 35]",en,2015-06-17
Tangled,7.609,11783,"[16, 10751, 12]",en,2010-11-24
Forrest Gump,8.468,28301,"[35, 18, 10749]",en,1994-06-23
Doctor Strange in the Multiverse of Madness,7.258,9592,"[14, 28, 12]",en,2022-05-04
The Lord of the Rings: The Return of the King,8.5,25156,"[12, 14, 28]",en,2003-12-17
Spider-Man: Homecoming,7.33,22259,"[28, 12, 878, 18]",en,2017-07-05
M3GAN 2.0,0.0,0,"[28, 27, 878]",en,2025-06-25
Black Bag,6.342,623,"[18, 9648, 53]",en,2025-03-12
Carjackers,6.059,185,"[28, 12]",fr,2025-03-27
Transformers One,8.074,1281,"[16, 878, 12, 10751]",en,2024-09-11
Big Hero 6,7.729,15931,"[12, 10751, 16, 28, 35]",en,2014-10-24
Spider-Man,7.311,19652,"[28, 878]",en,2002-05-01
Nosferatu,6.719,2732,"[18, 27, 14]",en,2024-12-25
John Wick: Chapter 3 - Parabellum,7.441,11030,"[28, 53, 80]",en,2019-05-15
Train to Busan,7.7,7801,"[27, 53, 28, 12]",ko,2016-07-20
Pulp Fiction,8.488,28769,"[53, 80]",en,1994-09-10
Elevation,6.477,729,"[28, 878, 53]",en,2024-11-07
The Codes of War,6.1,60,"[28, 10752]",en,2025-03-20
Survive,5.8,240,"[878, 53, 12, 28]",fr,2024-06-19
Holy Night: Demon Hunters,6.088,17,"[28, 14, 27]",ko,2025-04-30
Fifty Shades Freed,6.695,8137,"[18, 10749]",en,2018-01-17
True Education for Cheating Sister-in-law,0.0,0,[10749],ko,2023-10-06
Inglourious Basterds,8.215,22925,"[18, 53, 10752]",en,2009-08-02
Intimacy,6.2,523,"[10749, 18, 14]",en,2001-01-20
Kingdom of the Planet of the Apes,7.1,3760,"[878, 12, 28, 18, 53]",en,2024-05-08
Prey,7.69,7061,"[53, 28, 878]",en,2022-08-02
The Batman,7.656,10972,"[80, 9648, 53]",en,2022-03-01
Ocean with David Attenborough,8.396,24,[99],en,2025-05-08
Jaws,7.7,10785,"[27, 53, 12]",en,1975-06-20
The Balconettes,6.5,57,"[35, 27, 14]",fr,2024-11-15
World War Z,6.82,15753,"[28, 27, 878, 53]",en,2013-06-19
Alien,8.2,15351,"[27, 878]",en,1979-05-25
Iron Man,7.652,27030,"[28, 878, 12]",en,2008-04-30
Uma & Haggen,8.75,4,"[16, 10751, 12]",es,2024-01-04
Sonic the Hedgehog 2,7.467,5534,"[28, 12, 10751, 35]",en,2022-03-30
Leroy & Stitch,6.554,559,"[16, 35, 10751, 10770]",en,2006-06-23
Five Nights at Freddy's,7.4,4399,"[27, 53]",en,2023-10-25
Thor: Ragnarok,7.584,21188,"[28, 12, 878]",en,2017-10-02
Inglourious Basterds,8.215,22925,"[18, 53, 10752]",en,2009-08-02
World War Z,6.82,15753,"[28, 27, 878, 53]",en,2013-06-19
The Public Woman,6.1,49,[18],fr,1984-06-16
The Green Mile,8.505,18148,"[14, 18, 80]",en,1999-12-10
The Lion King,8.258,18803,"[10751, 16, 18]",en,1994-06-15
Alarum,5.806,315,"[28, 80, 53]",en,2025-01-16
Sonic the Hedgehog 2,7.467,5534,"[28, 12, 10751, 35]",en,2022-03-30
Big Hero 6,7.729,15931,"[12, 10751, 16, 28, 35]",en,2014-10-24
Top Gun,7.1,8957,"[28, 18]",en,1986-05-16
Kingdom of the Planet of the Apes,7.067,3760,"[878, 12, 28, 18, 53]",en,2024-05-08
It,7.237,19387,"[27, 53]",en,2017-09-06
Anon,5.979,1617,"[878, 80, 9648, 53]",en,2018-05-03
Skelly,4.0,3,"[18, 10751]",en,2024-05-07
Scream VI,6.994,2813,"[27, 80, 53]",en,2023-03-08
Survive,5.8,240,"[878, 53, 12, 28]",fr,2024-06-19
Pirates of the Caribbean: Dead Man's Chest,7.366,16390,"[12, 14, 28]",en,2006-07-06
Cinderella,6.8,7171,"[10749, 14, 10751, 18]",en,2015-03-06
Spider-Man,7.311,19652,"[28, 878]",en,2002-05-01
Fall,7.137,4150,[53],en,2022-08-11
It,7.237,19387,"[27, 53]",en,2017-09-06
The Surfer,6.304,74,"[18, 53]",en,2025-04-11
Hacksaw Ridge,8.192,14142,"[18, 36, 10752]",en,2016-10-07
The Hobbit: The Battle of the Five Armies,7.3,14643,"[28, 12, 14]",en,2014-12-10
Devil Hunter,4.446,37,[27],es,1980-12-05
Your Name.,8.482,11814,"[16, 10749, 18]",ja,2016-08-26
Encanto,7.591,9749,"[16, 35, 10751, 14]",en,2021-10-13
Venom,6.828,16590,"[878, 28]",en,2018-09-28
Skelly,4.0,3,"[18, 10751]",en,2024-05-07
Maleficent,7.1,13311,"[14, 12, 28, 10751, 10749]",en,2014-05-28
10 Things I Hate About You,7.596,8396,"[35, 10749, 18]",en,1999-03-30
Henry Danger: The Movie,7.818,211,"[28, 35, 10751, 878]",en,2025-01-17
"I, the Executioner",6.9,71,"[28, 80]",ko,2024-09-13
Africa Addio,6.417,42,"[99, 27]",it,1966-02-11
Popeye the Slayer Man,5.837,104,[27],en,2025-03-21
Boléro,6.44,50,"[10402, 36, 18]",fr,2024-03-06
Ghosted,6.94,1928,"[28, 35, 10749]",en,2023-04-18
Cinderella,6.8,7171,"[10749, 14, 10751, 18]",en,2015-03-06
Grown Ups,6.395,6308,[35],en,2010-06-24
Love Hurts,5.933,208,"[28, 35, 10749]",en,2025-02-06
Encanto,7.591,9749,"[16, 35, 10751, 14]",en,2021-10-13
Cinderella,6.8,7171,"[10749, 14, 10751, 18]",en,2015-03-06
Grown Ups,6.395,6308,[35],en,2010-06-24
Mom's Friend,6.773,22,[18],ko,2015-08-20
Love Hurts,5.933,208,"[28, 35, 10749]",en,2025-02-06
The Family Plan,7.274,1537,"[28, 35, 10751]",en,2023-12-14
Beauty and the Beast,6.971,15666,"[10751, 14, 10749]",en,2017-03-16
Fall,7.137,4150,[53],en,2022-08-11
The Lord of the Rings: The Two Towers,8.406,22647,"[12, 14, 28]",en,2002-12-18
Through My Window,7.368,3241,"[10749, 18, 35]",es,2022-02-04
The Godfather Part II,8.571,13009,"[18, 80]",en,1974-12-20
Captain America: Civil War,7.447,23183,"[12, 28, 878]",en,2016-04-27
Plane,6.925,2388,"[28, 12, 53]",en,2023-01-12
Guardians of the Galaxy Vol. 3,7.94,7419,"[878, 12, 28, 35]",en,2023-05-03
Below Her Mouth,6.8,1235,"[18, 10749]",en,2017-02-10
Spider-Man: Into the Spider-Verse,8.398,16198,"[16, 28, 12, 878]",en,2018-12-06
The Green Mile,8.505,18148,"[14, 18, 80]",en,1999-12-10
Finding Nemo,7.816,19710,"[16, 10751]",en,2003-05-30
M3GAN,7.043,4268,"[878, 27]",en,2022-12-28
Mulan,7.907,9967,"[16, 10751, 12]",en,1998-06-18
The Handmaiden,8.2,3950,"[53, 18, 10749]",ko,2016-06-01
Ladies' Doctor,4.143,14,[35],it,1977-09-13
Gone Girl,7.889,19069,"[9648, 53, 18]",en,2014-10-01
Azrael,6.0,318,"[28, 27, 53]",en,2024-09-27
Pirates of the Caribbean: At World's End,7.26,14744,"[12, 14, 28]",en,2007-05-19
The Lord of the Rings: The Two Towers,8.406,22647,"[12, 14, 28]",en,2002-12-18
Werewolves,6.06,409,"[28, 27, 53]",en,2024-12-04
Shutter Island,8.201,24595,"[18, 53, 9648]",en,2010-02-14
Latin Blood – The Ballad of Ney Matogrosso,8.867,30,"[18, 10402]",pt,2025-05-01
Ligaw,0.0,0,"[18, 10749]",tl,2025-05-09
The Life of Chuck,7.698,58,"[18, 14]",en,2025-06-05
Howl's Moving Castle,8.4,10345,"[14, 16, 12]",ja,2004-09-09
Mission: Impossible - Ghost Protocol,7.099,10204,"[28, 53, 12]",en,2011-12-07
Schindler's List,8.564,16484,"[18, 36, 10752]",en,1993-12-15
Good Will Hunting,8.157,12856,[18],en,1997-12-05
Hijack 1971,6.455,111,"[28, 53, 80]",ko,2024-06-21
12,5.481,53,[],ar,2020-09-04
Africa Addio,6.417,42,"[99, 27]",it,1966-02-11
The Little Mermaid,6.314,3072,"[12, 10751, 14, 10749]",en,2023-05-18
Jaws,7.669,10785,"[27, 53, 12]",en,1975-06-20
Day of Reckoning,6.4,18,"[37, 28]",en,2025-03-28
Pirates of the Caribbean: At World's End,7.26,14744,"[12, 14, 28]",en,2007-05-19
Shutter Island,8.201,24596,"[18, 53, 9648]",en,2010-02-14
Back to the Future,8.321,20612,"[12, 35, 878]",en,1985-07-03
Dragons: Gift of the Night Fury,7.2,395,"[16, 35, 12, 10751]",en,2011-11-15
Up,7.957,20722,"[16, 35, 10751, 12]",en,2009-05-28
Gunslingers,6.3,60,"[37, 28]",en,2025-04-11
Peter Pan's Neverland Nightmare,5.7,111,"[27, 53, 14]",en,2025-01-13
Bosomy Mom,5.9,11,"[18, 10749]",ko,2020-05-06
The Little Mermaid,6.315,3073,"[12, 10751, 14, 10749]",en,2023-05-18
Kiskisan,6.0,4,[18],tl,2024-09-27
Pirates of the Caribbean: On Stranger Tides,6.559,14344,"[12, 28, 14]",en,2011-05-15
The Prosecutor,7.2,58,"[28, 18, 80, 53]",cn,2024-12-08
Spider-Man: Far From Home,7.4,16122,"[28, 12, 878]",en,2019-06-28
Batman v Superman: Dawn of Justice,6.0,18320,"[28, 12, 14]",en,2016-03-23
Night,10.0,0,[16],ar,2024-09-07
Whiplash,8.377,15697,"[18, 10402]",en,2014-10-10
Winter Spring Summer or Fall,7.3,134,"[10749, 35, 18]",en,2024-12-27
No Hard Feelings,6.732,3375,"[35, 10749]",en,2023-06-15
Lucy,6.5,16372,"[28, 878]",en,2014-07-25
Cruella,8.0,9612,"[35, 80, 12]",en,2021-05-26
Troy,7.163,10480,"[10752, 28, 36]",en,2004-05-13
Iron Man 2,6.849,21490,"[12, 28, 878]",en,2010-04-28
The Next 365 Days,6.355,1217,"[10749, 18]",pl,2022-08-18
WALL·E,8.1,19273,"[16, 10751, 878]",en,2008-06-22
Squid Game: Making Season 2,8.511,408,[99],ko,2025-01-02
Ne Zha,7.912,529,"[16, 14, 12]",zh,2019-07-26
The Gardener,6.163,147,"[28, 35]",fr,2025-01-30
Norbert,5.9,8,"[16, 12, 35]",es,2025-01-17
Mission: Impossible - Rogue Nation,7.215,9137,"[28, 12]",en,2015-07-28
Delinquent in Drag,5.1,15,"[16, 35, 28]",ja,1992-08-21
The Life of Chuck,7.737,59,"[18, 14]",en,2025-06-05
The Mummy,6.944,9350,"[12, 28, 14]",en,1999-04-16
Girl in the Basement,7.608,759,"[53, 80, 10770]",en,2021-02-27
Scream VI,6.994,2813,"[27, 80, 53]",en,2023-03-08
Léon: The Professional,8.301,15267,"[80, 18, 28]",fr,1994-09-14
Sugar Baby,6.038,13,"[53, 35]",en,2024-10-15
Home Sweet Home: Rebirth,5.926,81,"[27, 14, 53, 9648, 28]",en,2025-03-20
Kung Fu Panda,7.3,11960,"[28, 12, 16, 10751, 35]",en,2008-06-04
Hijack 1971,6.455,111,"[28, 53, 80]",ko,2024-06-21
Spider-Man 3,6.439,14497,"[28, 12, 878]",en,2007-05-01
Summer of 69,6.554,37,"[35, 18]",en,2025-03-13
Guardians of the Galaxy Vol. 2,7.613,22035,"[878, 12, 28]",en,2017-04-19
Batman Begins,7.714,21529,"[28, 80, 18]",en,2005-06-10
Oldboy,8.3,9058,"[18, 53, 9648, 28]",ko,2003-11-21
A Quiet Place: Day One,6.718,2819,"[27, 878, 53]",en,2024-06-26
Wonder Woman,7.217,20264,"[28, 12, 14]",en,2017-05-30
The Electric State,6.542,1214,"[878, 12, 28]",en,2025-03-07
The Conjuring: The Devil Made Me Do It,7.4,6073,"[27, 9648, 53]",en,2021-05-25
Back in Action,6.448,1262,"[28, 35]",en,2025-01-15
GoodFellas,8.455,13432,"[18, 80]",en,1990-09-12
The Naked Gun,0.0,0,"[35, 80]",en,2025-07-30
The Conjuring 2,7.292,8623,[27],en,2016-06-08
The Incredibles,7.713,18051,"[28, 12, 16, 10751]",en,2004-10-27
Bullet Train,7.436,6703,"[28, 35, 53]",en,2022-08-03
The Count of Monte Cristo,7.992,1661,"[12, 28, 18]",fr,2024-06-28
Black Panther: Wakanda Forever,7.058,6875,"[28, 12, 878]",en,2022-11-09
The Twilight Saga: Breaking Dawn - Part 1,6.2,8935,"[12, 14, 10749]",en,2011-11-16
Aquaman and the Lost Kingdom,6.605,3111,"[28, 12, 14]",en,2023-12-20
The Amazing Spider-Man,6.715,17756,"[28, 12, 878]",en,2012-06-23
Lucy,6.464,16372,"[28, 878]",en,2014-07-25
Hidden Figures,8.054,9988,"[18, 36]",en,2016-12-10
Whiplash,8.377,15697,"[18, 10402]",en,2014-10-10
Star Wars: The Last Jedi,6.775,15657,"[12, 28, 878]",en,2017-12-13
Ballerina,7.023,572,"[28, 53]",ko,2023-10-05
Anyone But You,6.857,2593,"[10749, 35]",en,2023-12-21
Iron Man 2,6.849,21490,"[12, 28, 878]",en,2010-04-28
No Hard Feelings,6.732,3375,"[35, 10749]",en,2023-06-15
The Pursuit of Lust,5.8,5,"[10749, 18]",mn,2025-01-23
The Amazing Spider-Man,6.715,17756,"[28, 12, 878]",en,2012-06-23
Guardians of the Galaxy Vol. 2,7.613,22035,"[878, 12, 28]",en,2017-04-19
The Karate Kid,6.558,6219,"[28, 12, 18, 10751]",en,2010-06-10
Luca,7.803,8558,"[16, 35, 14, 12, 10751]",en,2021-06-17
Hi-Five,8.0,2,"[878, 28, 35, 14]",ko,2025-05-30
Cars 2,6.152,8037,"[16, 10751, 12, 35]",en,2011-06-11
Malena,7.432,2321,[18],it,2000-03-16
Girl in the Basement,7.608,759,"[53, 80, 10770]",en,2021-02-27
Ne Zha,7.908,528,"[16, 14, 12]",zh,2019-07-26
Spider-Man: Far From Home,7.407,16122,"[28, 12, 878]",en,2019-06-28
The Hobbit: An Unexpected Journey,7.358,18821,"[12, 14, 28]",en,2012-12-12
Gran Turismo,7.752,2989,"[12, 28, 18]",en,2023-08-09
Hi-Five,8.0,2,"[878, 28, 35, 14]",ko,2025-05-30
The Boy and the Heron,7.433,2214,"[16, 12, 14, 10751, 18]",ja,2023-07-14
Spider-Man: Far From Home,7.407,16122,"[28, 12, 878]",en,2019-06-28
Good Will Hunting,8.157,12856,[18],en,1997-12-05
The Hobbit: An Unexpected Journey,7.358,18821,"[12, 14, 28]",en,2012-12-12
White Chicks,6.929,4182,"[35, 80]",en,2004-06-23
Schindler's List,8.564,16484,"[18, 36, 10752]",en,1993-12-15
Furious 7,7.223,10838,"[28, 12, 80, 18, 53]",en,2015-04-01
Mad Max: Fury Road,7.623,23156,"[28, 12, 878]",en,2015-05-13
The Creator,7.054,3380,"[878, 28, 12]",en,2023-09-27
Paddington in Peru,6.875,408,"[10751, 35, 12]",en,2024-11-08
The Terminator,7.667,13659,"[28, 53, 878]",en,1984-10-26
Corpse Bride,7.58,9559,"[10749, 14, 16]",en,2005-09-12
Charlie and the Chocolate Factory,7.0,15489,"[12, 35, 10751, 14]",en,2005-07-13
Django Unchained,8.183,26823,"[18, 37]",en,2012-12-25
The Pursuit of Lust,5.8,5,"[10749, 18]",mn,2025-01-23
Boyka: Undisputed IV,7.15,1376,"[28, 18, 53]",en,2016-08-01
Juliet & Romeo,6.429,7,"[10749, 18]",en,2025-05-09
20th Century Girl,8.2,735,"[10749, 18]",ko,2022-10-06
20th Century Girl,8.2,735,"[10749, 18]",ko,2022-10-06
The Karate Kid,6.558,6219,"[28, 12, 18, 10751]",en,2010-06-10
Cars 3,6.9,6038,"[10751, 35, 12, 16]",en,2017-06-15
The Crow,5.849,1075,"[28, 14, 27]",en,2024-08-21
The Nun,5.901,6817,[27],en,2018-09-05
Toy Story 3,7.8,15006,"[16, 10751, 35]",en,2010-06-16
Stitch! The Movie,6.435,729,"[35, 12, 10751, 16, 878]",en,2003-09-10
Black Panther,7.373,22615,"[28, 12, 878]",en,2018-02-13
Pride & Prejudice,8.066,8282,"[18, 10749]",en,2005-09-16
Abigail,6.7,1591,"[27, 53]",en,2024-04-16
Star Wars: The Rise of Skywalker,6.294,10232,"[12, 28, 878]",en,2019-12-18
Arrival,7.6,18317,"[18, 878, 9648]",en,2016-11-10
The Dark Knight Rises,7.8,23288,"[28, 80, 18, 53]",en,2012-07-17
Furious 7,7.223,10838,"[28, 12, 80, 18, 53]",en,2015-04-01
Fast & Furious Presents: Hobbs & Shaw,6.844,7404,"[28, 12, 35]",en,2019-08-01
The Princess and the Frog,7.218,5797,"[16, 10749, 14, 10751]",en,2009-12-08
The Nun II,6.711,2191,[27],en,2023-09-06
Blink Twice,6.668,1501,"[9648, 53]",en,2024-08-21
Copycat,6.494,1036,"[53, 80, 9648, 27, 18]",en,1995-10-27
Midsommar,7.153,7443,"[27, 18, 9648]",en,2019-07-03
Nobody,7.924,7453,"[28, 53]",en,2021-03-18
Blink Twice,6.668,1501,"[9648, 53]",en,2024-08-21
Hannah,7.0,2,[53],de,1996-10-18
Mr. & Mrs. Smith,6.689,10654,"[28, 35, 18, 53]",en,2005-06-07
"¡Qué Huevos, Sofía!",8.586,29,[35],es,2025-02-27
Sally,7.8,5,[99],en,2025-01-28
Thor: Love and Thunder,6.41,7966,"[14, 28, 35]",en,2022-07-06
Taken,7.395,11516,"[28, 53]",en,2008-02-18
Heat,7.92,7652,"[80, 18, 28]",en,1995-12-15
The Fall Guy,7.0,3030,"[28, 35, 18, 10749]",en,2024-04-24
Demon Slayer -Kimetsu no Yaiba- The Movie: Mugen Train,8.209,4105,"[16, 28, 14, 53]",ja,2020-10-16
The Hunger Games: The Ballad of Songbirds & Snakes,7.008,3082,"[18, 878, 12, 28]",en,2023-11-15
The Emperor's New Groove,7.558,6925,"[12, 16, 35, 10751, 14]",en,2000-12-15
Night,10.0,0,[16],ar,2024-09-07
The Devil Wears Prada,7.393,12343,"[18, 35]",en,2006-06-29
A Bronx Tale,7.876,2621,"[18, 80]",en,1993-10-01
Her,7.85,14591,"[10749, 878, 18]",en,2013-12-18
The Twilight Saga: Eclipse,6.202,8915,"[12, 14, 18, 10749]",en,2010-06-23
The Unbreakable Boy,7.597,72,"[10751, 18]",en,2025-02-20
Cars,7.0,14373,"[16, 12, 35, 10751]",en,2006-06-08
The Life List,6.895,408,"[10749, 35, 18]",en,2025-03-27
The Emperor's New Groove,7.558,6925,"[12, 16, 35, 10751, 14]",en,2000-12-15
Turning Red,7.349,5426,"[16, 10751, 35, 14]",en,2022-03-10
Her,7.85,14591,"[10749, 878, 18]",en,2013-12-18
The Devil Wears Prada,7.393,12343,"[18, 35]",en,2006-06-29
周处除三嗨,9.0,1,[],zh,2024-04-11
The Colors Within,6.8,36,"[16, 18, 10402]",ja,2024-08-30
Luck,7.773,1804,"[16, 12, 35, 14]",en,2022-08-05
The Intouchables,8.273,17664,"[18, 35]",fr,2011-11-02
A Bronx Tale,7.876,2621,"[18, 80]",en,1993-10-01
Beetlejuice Beetlejuice,7.005,2593,"[27, 35, 14]",en,2024-09-04
Everything Everywhere All at Once,7.757,7097,"[28, 12, 878]",en,2022-03-24
The Twilight Saga: Eclipse,6.202,8915,"[12, 14, 18, 10749]",en,2010-06-23
Cars,7.0,14375,"[16, 12, 35, 10751]",en,2006-06-08
Cheeky,5.7,267,"[35, 18, 10749]",it,2000-01-28
"¡Qué Huevos, Sofía!",8.586,29,[35],es,2025-02-27
Shrek Forever After,6.383,7564,"[35, 12, 14, 16, 10751]",en,2010-05-20
Chespirito: El Niño Que Somos,7.818,11,[99],es,2001-01-10
Now You See Me,7.3,15841,"[53, 80]",en,2013-05-29
The Tearsmith,6.521,872,"[10749, 18]",it,2024-04-03
Wrath of Man,7.611,5606,"[28, 80, 53]",en,2021-04-22
The Flesh,5.7,59,"[18, 10749]",it,1991-05-09
Malena,7.432,2321,[18],it,2000-03-16
Rush Hour,7.047,5194,"[28, 35, 80]",en,1998-09-18
Twisters,6.83,2505,"[28, 53]",en,2024-07-10
Beauty and the Beast,7.7,10177,"[10749, 10751, 16, 14]",en,1991-10-22
The Suicide Squad,7.486,8938,"[28, 35, 12]",en,2021-07-28
Porno!,5.2,81,"[18, 27, 14, 35]",pt,1981-01-01
Arcadian,6.107,691,"[28, 27, 53, 878]",en,2024-04-12
Terminator 2: Judgment Day,8.127,13368,"[28, 53, 878]",en,1991-07-03
Madagascar,6.912,11152,"[10751, 16, 12, 35]",en,2005-05-25
Meg 2: The Trench,6.429,3612,"[28, 878, 27]",en,2023-08-02
Hotel Transylvania: Transformania,7.067,2866,"[16, 35, 10751, 12, 14]",en,2022-01-31
The Conjuring: Last Rites,0.0,0,[27],en,2025-09-04
The Unbreakable Boy,7.597,72,"[10751, 18]",en,2025-02-20
Aladdin,7.097,10244,"[12, 14, 10749, 10751]",en,2019-05-22
My Neighbor Totoro,8.069,8269,"[14, 16, 10751]",ja,1988-04-16
Alice in Wonderland,6.6,14261,"[10751, 14, 12]",en,2010-03-03
Colombiana,6.631,2679,"[28, 53, 80, 18]",en,2011-07-27
Holland,5.382,374,"[53, 9648]",en,2025-03-09
The Bad Guys: Haunted Heist,7.0,126,"[16, 35]",en,2024-10-02
Book of Dragons,6.7,183,"[14, 16, 28, 35, 10751]",en,2011-11-15
Mission: Impossible II,6.129,7065,"[12, 28, 53]",en,2000-05-24
X-Men: Days of Future Past,7.529,15620,"[28, 12, 878]",en,2014-05-15
Detective Chirp & the Golden Beehive,8.8,2,"[16, 35, 9648, 12, 10751]",ru,2022-11-17
Twilight of the Warriors: Walled In,6.973,356,"[28, 80, 53]",cn,2024-05-01
Man of Steel,6.633,15461,"[28, 12, 878]",en,2013-06-12
Real Steel,7.049,8607,"[28, 878, 18]",en,2011-09-28
Grown Ups 2,6.141,4439,[35],en,2013-07-11
Surviving Ohio State,8.3,3,[99],en,2025-06-09
Shrek the Third,6.297,9290,"[14, 12, 16, 35, 10751]",en,2007-05-17
Beating Hearts,7.252,819,"[10749, 80, 18]",fr,2024-10-16
The Brutalist,7.011,1119,[18],en,2024-12-20
Eyes Wide Shut,7.5,6456,"[18, 53, 9648]",en,1999-07-16
Lost Virgin,5.0,1,"[10749, 18]",ja,1968-11-02
Black Widow,7.203,10606,"[28, 12, 878]",en,2021-07-07
Pretty Woman,7.5,8532,"[10749, 35]",en,1990-03-23
Godzilla Minus One,7.588,2689,"[878, 27, 28]",ja,2023-11-03
American Pie,6.59,7850,"[35, 10749]",en,1999-07-09
Snow White and the Seven Dwarfs,7.123,7639,"[14, 16, 10751]",en,1938-01-14
Girl Play,5.8,25,"[35, 10749]",en,2004-07-11
The Witch: Part 2. The Other One,7.312,367,"[28, 9648, 53, 878]",ko,2022-06-15
Descendants: The Rise of Red,6.855,413,"[14, 12, 10751, 35]",en,2024-07-11
The Magnificent Seven,6.463,6082,"[12, 28, 37]",en,2016-09-14
Demon Slayer: Kimetsu no Yaiba Infinity Castle,0.0,0,"[16, 28, 14, 53]",ja,2025-07-18
Sister Midnight,6.6,11,"[35, 18]",en,2025-03-14
"Miraculous: Ladybug & Cat Noir, The Movie",7.6,904,"[16, 14, 28, 10749, 10751]",fr,2023-07-05
Transformers: Age of Extinction,5.9,8345,"[878, 28, 12]",en,2014-06-25
From the Shadows,4.083,6,"[53, 878, 27]",en,2023-09-22
Annabelle,5.785,6235,[27],en,2014-10-02
Kraken,7.636,11,"[878, 12]",ru,2025-04-17
Salome,10.0,1,"[18, 10749]",ho,2023-05-13
Hellhound,6.6,47,"[28, 80, 53]",en,2024-06-20
Knives Out,7.842,12912,"[35, 80, 9648]",en,2019-11-27
Scream,6.678,3487,"[27, 9648]",en,2022-01-12
Soul,8.108,10808,"[16, 10751, 35, 14]",en,2020-12-25
Kingsman: The Secret Service,7.626,17121,"[80, 35, 28, 12]",en,2015-01-24
Zack Snyder's Justice League,8.117,10260,"[28, 12, 14]",en,2021-03-18
Evil Dead Rise,6.934,3291,"[27, 53]",en,2023-04-12
Attack on Titan: THE LAST ATTACK,8.747,81,"[16, 28, 12, 14]",ja,2024-11-08
Cinderella,7.046,6858,"[10751, 14, 16, 10749]",en,1950-02-22
Doctor Strange,7.418,22581,"[28, 12, 14]",en,2016-10-25
The Fifth Element,7.555,11057,"[878, 28, 12]",fr,1997-05-02
Sugar Baby,7.073,82,"[10749, 18]",ru,2024-04-25
The Hunger Games: The Ballad of Songbirds & Snakes,7.008,3082,"[18, 878, 12, 28]",en,2023-11-15
The Bad Guys,7.5,2170,"[10751, 35, 80, 12, 16]",en,2022-03-17
Scream,7.415,7329,"[80, 27, 9648]",en,1996-12-20
Get Out,7.619,17923,"[9648, 53, 27]",en,2017-02-24
The Amazing Spider-Man 2,6.519,13591,"[28, 12, 878]",en,2014-04-16
The Girl Next Door,6.7,3697,"[35, 10749]",en,2004-04-09
I'm Still Here,7.964,701,"[18, 36]",pt,2024-09-19
Damsel,7.022,2462,"[14, 28, 12]",en,2024-03-07
given The Movie: To the Sea,9.0,2,"[16, 10749]",ja,2024-09-20
Turno nocturno,6.3,150,[27],es,2024-12-05
Mean Girls,5.917,619,[35],en,2024-01-10
Shang-Chi and the Legend of the Ten Rings,7.521,9786,"[28, 12, 14]",en,2021-09-01
Nonnas,6.866,253,[35],en,2025-05-01
The Voyeurs,6.55,1017,[53],en,2021-08-25
The Twilight Saga: New Moon,5.99,9381,"[12, 14, 18, 10749]",en,2009-11-18
Napoleon,6.347,2759,"[36, 10752, 10749]",en,2023-11-22
American Thunder: NASCAR to Le Mans,0.0,0,[99],en,2025-06-11
Making Squid Game: The Challenge,7.638,120,[99],en,2023-12-06
Smile,6.7,3605,"[27, 9648]",en,2022-09-23
Star Wars: The Force Awakens,7.26,19795,"[12, 28, 878]",en,2015-12-15
Once Upon a Time in the West,8.282,4552,"[18, 37]",it,1968-12-21
Terrifier 2,6.715,2261,"[27, 53]",en,2022-10-06
Free Fall,6.056,9,"[878, 53]",ru,2025-05-21
Taxi Driver,8.133,12700,"[80, 18]",en,1976-02-09
The Hobbit: The Desolation of Smaug,7.6,13506,"[14, 12, 28]",en,2013-12-11
Killers of the Flower Moon,7.4,3647,"[80, 36, 18]",en,2023-10-18
Jurassic Park,8.0,16809,"[12, 878]",en,1993-06-11
La La Land,7.9,17319,"[35, 18, 10749, 10402]",en,2016-12-01
Mission: Impossible III,6.748,7132,"[12, 28, 53]",en,2006-04-25
Despicable Me,7.2,15431,"[10751, 35, 16]",en,2010-07-08
Escape,7.2,50,"[28, 18, 53]",ko,2024-07-03
Predators,6.3,4293,"[878, 28, 53]",en,2010-07-07
Meet Joe Black,7.35,5404,"[14, 18, 10749]",en,1998-11-12
Alappuzha Gymkhana,6.115,13,"[28, 18, 35]",ml,2025-04-10
Deadpool 2,7.491,18429,"[28, 35, 12]",en,2018-05-15
Pacific Rim,6.909,12728,"[28, 878, 12]",en,2013-07-11
Nonnas,6.866,253,[35],en,2025-05-01
Den of Thieves 2: Pantera,6.724,516,"[28, 80, 53]",en,2025-01-08
Kill Bill: Vol. 1,7.971,17908,"[28, 80]",en,2003-10-10
Cobweb,6.576,85,"[35, 18]",ko,2023-09-27
Logan,7.82,19662,"[28, 18, 878]",en,2017-02-28
The Quiet Ones,5.9,49,"[28, 18]",da,2024-10-31
Maze Runner: The Scorch Trials,6.734,10593,"[878, 28, 53, 12]",en,2015-09-09
The Mask,6.965,10600,"[10749, 35, 80, 14]",en,1994-07-29
Teenage Mutant Ninja Turtles,5.918,6904,"[878, 28, 12, 35]",en,2014-08-07
Armageddon,6.837,8162,"[28, 53, 878, 12]",en,1998-07-01
Dead Poets Society,8.3,11693,[18],en,1989-06-02
"Red, White & Royal Blue",7.988,1380,"[35, 10749]",en,2023-07-27
Ellie and the Monster Team,5.6,8,"[16, 10751, 35]",de,2024-06-27
Thor: Love and Thunder,6.41,7966,"[14, 28, 35]",en,2022-07-06
Oxen Split Torturing,6.0,27,"[27, 18]",ja,1976-09-04
Snow White and the Seven Dwarfs,7.123,7639,"[14, 16, 10751]",en,1938-01-14
The Boy and the Heron,7.433,2214,"[16, 12, 14, 10751, 18]",ja,2023-07-14
Complete,4.0,1,"[53, 18]",nl,2022-06-16
Busty Girlfriend,7.3,32,[10749],ko,2019-03-08
The Imitation Game,7.994,17379,"[36, 18, 53, 10752]",en,2014-11-14
We Live in Time,7.317,889,"[10749, 18]",en,2024-10-10
The Marvels,6.0,3002,"[878, 12, 28]",en,2023-11-08
American Psycho,7.4,11424,"[53, 18, 80]",en,2000-04-13
Prey,6.15,316,"[28, 53, 27]",en,2024-03-15
Soul to Squeeze,5.25,4,"[53, 18, 878]",en,2025-05-16
Project Silence,7.0,343,"[53, 28, 27, 878, 12]",ko,2024-07-11
Triangle,5.3,11,"[18, 10749]",tl,2024-10-11
The Devil's Advocate,7.467,6258,"[18, 9648, 53, 27]",en,1997-10-17
Free Fall,6.056,9,"[878, 53]",ru,2025-05-21
After We Collided,7.168,5380,"[10749, 18]",en,2020-09-02
Coming to America,6.9,4472,"[35, 10749]",en,1988-06-29
The Meg,6.248,7836,"[28, 878, 27]",en,2018-08-09
The Social Network,7.4,12475,[18],en,2010-10-01
Cosmic Chaos,5.958,48,"[53, 878]",en,2023-08-03
The Martian,7.7,20224,"[18, 12, 878]",en,2015-09-30
Apocalypto,7.6,5787,"[28, 18, 36]",en,2006-12-07
Fed Up,0.0,0,[18],es,2021-11-06
Alien: Covenant,6.2,8920,"[27, 878, 53]",en,2017-05-09
Star Wars: The Force Awakens,7.26,19795,"[12, 28, 878]",en,2015-12-15
The Creator,7.054,3380,"[878, 28, 12]",en,2023-09-27
Diary of a Nymphomaniac,5.634,334,"[18, 10749]",es,2008-10-17
After We Collided,7.168,5380,"[10749, 18]",en,2020-09-02
Prey,6.15,316,"[28, 53, 27]",en,2024-03-15
Soul to Squeeze,5.25,4,"[53, 18, 878]",en,2025-05-16
The Karate Kid,7.203,4365,"[28, 12, 18, 10751]",en,1984-06-22
The Hangover Part II,6.488,10738,[35],en,2011-05-25
Project Silence,7.0,343,"[53, 28, 27, 878, 12]",ko,2024-07-11
In Time,6.97,11642,"[28, 53, 878]",en,2011-10-27
The Little Mermaid,7.351,8065,"[16, 10751, 14]",en,1989-11-17
Raiders of the Lost Ark,7.924,12901,"[12, 28]",en,1981-06-12
Summer Holiday,7.0,1,[18],bn,2023-08-18
Constantine,7.107,7492,"[14, 28, 27]",en,2005-02-08
The Mask,6.965,10600,"[10749, 35, 80, 14]",en,1994-07-29
The Lorax,6.509,3671,"[16, 10751]",en,2012-03-01
Madame Web,5.345,2236,"[28, 14]",en,2024-02-14
Fed Up,0.0,0,[18],es,2021-11-06
Creed III,7.105,2653,"[18, 28]",en,2023-03-01
Rampage,6.457,7201,"[28, 12, 878]",en,2018-04-11
Descendants: The Rise of Red,6.855,413,"[14, 12, 10751, 35]",en,2024-07-11
Dragonkeeper,7.653,189,"[16, 10751, 28, 12, 14]",zh,2024-04-11
Venom: Let There Be Carnage,6.77,10695,"[878, 28, 12]",en,2021-09-30
The Sadness,6.793,935,"[27, 53]",zh,2021-01-22
Creed III,7.105,2653,"[18, 28]",en,2023-03-01
Bloody Escape: Bats out of Hell,6.6,7,"[16, 28, 878]",ja,2024-01-05
The Sloth Lane,6.275,20,"[16, 10751]",en,2024-07-25
Penguins of Madagascar,6.528,4270,"[10751, 16, 12, 35]",en,2014-11-22
Past Lives,7.7,1938,"[18, 10749]",en,2023-06-02
No Country for Old Men,7.947,12419,"[80, 18, 53]",en,2007-06-13
The Martian,7.7,20224,"[18, 12, 878]",en,2015-09-30
Ice Age: Dawn of the Dinosaurs,6.759,8510,"[16, 35, 10751, 12]",en,2009-06-26
The Devil's Advocate,7.467,6259,"[18, 9648, 53, 27]",en,1997-10-17
Rogue One: A Star Wars Story,7.5,15687,"[28, 12, 878]",en,2016-12-14
The Shining,8.212,17987,"[27, 53]",en,1980-05-23
Swingers,5.8,60,"[10749, 18]",nl,2002-10-01
The Parent Trap,7.211,4284,"[35, 10751, 10749]",en,1998-07-28
Fashion Show,0.0,0,[],en,2010-01-16
Despicable Me 2,6.935,11522,"[16, 35, 10751]",en,2013-06-26
Dead Poets Society,8.3,11693,[18],en,1989-06-02
Apocalypto,7.6,5787,"[28, 18, 36]",en,2006-12-07
The Meg,6.248,7836,"[28, 878, 27]",en,2018-08-09
The Predator,5.629,4817,"[878, 28, 53]",en,2018-09-05
The Little Mermaid,7.4,8064,"[16, 10751, 14]",en,1989-11-17
The Black Phone,7.572,5156,"[27, 53]",en,2022-06-17
Fantastic Beasts: The Secrets of Dumbledore,6.638,4730,"[14, 12]",en,2022-04-06
Scary Movie,6.4,7204,[35],en,2000-07-07
Maria,6.475,322,"[36, 18, 10402]",en,2024-11-27
Holland,5.382,374,"[53, 9648]",en,2025-03-09
Princess Mononoke,8.326,8397,"[12, 14, 16]",ja,1997-07-12
Deadpool 2,7.491,18429,"[28, 35, 12]",en,2018-05-15
Terminator Genisys,5.941,8589,"[878, 28, 53, 12]",en,2015-06-23
Wish,6.3,1619,"[16, 10751, 14, 12]",en,2023-11-13
King Kong,6.887,8067,"[12, 18, 28]",en,2005-12-12
Kiss and Kill,5.3,61,"[9648, 53, 10749]",en,2017-08-08
Quarantine,6.5,6,"[18, 80]",tr,2025-01-09
Jurassic Park,7.955,16808,"[12, 878]",en,1993-06-11
My Hero Academia: You're Next,6.982,137,"[16, 28, 12, 878]",ja,2024-08-02
Madame Web,5.345,2236,"[28, 14]",en,2024-02-14
Divergent,6.914,13006,"[28, 12, 878]",en,2014-03-14
A Love Too Captivating,6.5,2,"[10749, 16]",ja,2025-04-06
Constantine,7.107,7492,"[14, 28, 27]",en,2005-02-08
Scouts Guide to the Zombie Apocalypse,6.545,1972,"[35, 27]",en,2015-10-23
Triangle,5.3,11,"[18, 10749]",tl,2024-10-11
Beautiful Boy,7.552,2664,[18],en,2018-10-12
Toy Story 4,7.476,10028,"[10751, 12, 16, 35, 14]",en,2019-06-19
Deadpool 2,7.491,18429,"[28, 35, 12]",en,2018-05-15
Deep Water,5.824,1472,"[18, 9648, 53]",en,2022-03-17
About Time,7.914,8775,"[18, 10749, 14]",en,2013-09-04
Piglet,6.0,2,[27],en,2025-05-29
Life Is Beautiful,8.447,13404,"[35, 18]",it,1997-12-20
Thug Life,5.143,7,"[28, 80, 18]",ta,2025-06-04
Logan,7.82,19662,"[28, 18, 878]",en,2017-02-28
Divergent,6.914,13006,"[28, 12, 878]",en,2014-03-14
A Love Too Captivating,6.5,2,"[10749, 16]",ja,2025-04-06
PAW Patrol: The Mighty Movie,7.037,493,"[10751, 35, 12, 16]",en,2023-09-21
Jaat,4.6,11,"[28, 80, 18]",hi,2025-04-10
Housefull 5,5.8,5,"[35, 9648, 53]",hi,2025-06-05
The Platform 2,5.558,1205,"[878, 27, 53]",es,2024-09-27
Damsel,7.022,2462,"[14, 28, 12]",en,2024-03-07
Live,7.0,2,[18],ru,2023-04-06
Sing,7.118,8125,"[10751, 35, 10402, 16]",en,2016-11-23
Cobweb,6.576,85,"[35, 18]",ko,2023-09-27
The Platform 2,5.558,1205,"[878, 27, 53]",es,2024-09-27
Live,7.0,2,[18],ru,2023-04-06
Sing,7.118,8125,"[10751, 35, 10402, 16]",en,2016-11-23
Through My Window 3: Looking at You,6.933,622,"[10749, 18, 35]",es,2024-02-23
The Predator,5.629,4817,"[878, 28, 53]",en,2018-09-05
Rio,6.7,6841,"[16, 12, 35, 10751]",en,2011-04-03
Saw X,7.206,2114,"[27, 9648]",en,2023-09-27
Three Steps Above Heaven,7.723,3122,"[10749, 18]",es,2010-12-03
Still Life with Ghosts,5.5,4,"[35, 14]",es,2025-02-07
Strange Darling,6.922,572,"[80, 27, 53]",en,2024-08-14
The Hunger Games: Catching Fire,7.426,17720,"[12, 28, 878]",en,2013-11-15
Indiana Jones and the Dial of Destiny,6.551,3692,"[12, 28]",en,2023-06-25
The Biggest Fan,6.0,35,[35],es,2025-05-01
We Live in Time,7.317,889,"[10749, 18]",en,2024-10-10
Once Upon a Time... in Hollywood,7.428,13940,"[35, 18, 53]",en,2019-07-24
My Hero Academia: You're Next,6.982,137,"[16, 28, 12, 878]",ja,2024-08-02
The Aristocats,7.287,5150,"[16, 35, 10751, 12]",en,1970-12-24
Squid Game: Fireplace,6.306,85,[],xx,2024-12-12
Kingsman: The Secret Service,7.626,17121,"[80, 35, 28, 12]",en,2015-01-24
The Hunger Games: Catching Fire,7.426,17720,"[12, 28, 878]",en,2013-11-15
My Friend's Wife,6.5,11,[10749],ko,2015-12-03
The Incredible Hulk,6.222,12081,"[878, 28, 12]",en,2008-06-12
Young Hearts,8.5,74,"[18, 10749]",nl,2024-10-26
Rio,6.7,6841,"[16, 12, 35, 10751]",en,2011-04-03
The King's Man,6.746,4720,"[28, 12, 53]",en,2021-12-22
Alita: Battle Angel,7.241,9450,"[28, 878, 12]",en,2019-01-31
Venom: Let There Be Carnage,6.77,10695,"[878, 28, 12]",en,2021-09-30
She's the Man,6.82,3118,"[35, 10749]",en,2006-03-17
Sing,7.118,8124,"[10751, 35, 10402, 16]",en,2016-11-23
Cinderella's Revenge,5.526,38,"[14, 27]",en,2024-04-26
The Croods: A New Age,7.467,3938,"[16, 10751, 12, 14, 35]",en,2020-11-25
Don't Look Up,7.069,8640,"[35, 878]",en,2021-12-08
He's Just Not That Into You,6.608,3833,"[35, 10749, 18]",en,2009-02-06
The Shining,8.212,17987,"[27, 53]",en,1980-05-23
Blade Runner,7.94,14187,"[878, 18, 53]",en,1982-06-25
Edward Scissorhands,7.717,13176,"[14, 18, 10749]",en,1990-12-07
11 Rebels,7.524,21,"[28, 18, 36, 53]",ja,2024-11-01
Scouts Guide to the Zombie Apocalypse,6.545,1972,"[35, 27]",en,2015-10-23
Pan's Labyrinth,7.8,10837,"[14, 18, 10752]",es,2006-10-11
Bridge to Terabithia,7.306,4937,"[12, 18, 10751]",en,2007-02-15
Rampage,6.457,7201,"[28, 12, 878]",en,2018-04-11
No Time to Die,7.364,6550,"[28, 53, 12]",en,2021-09-29
Kung Fu Hustle,7.5,2914,"[28, 35, 80, 14]",cn,2004-02-10
Edward Scissorhands,7.717,13176,"[14, 18, 10749]",en,1990-12-07
Karol G: Tomorrow Was Beautiful,8.005,102,"[99, 10402]",es,2025-04-30
Aliens,8.0,10154,"[28, 53, 878]",en,1986-07-18
Terminator Genisys,5.941,8589,"[878, 28, 53, 12]",en,2015-06-23
Nope,6.841,4396,"[27, 878, 53]",en,2022-07-20
Black Hawk Down,7.4,5951,"[28, 10752, 36]",en,2001-12-28
Thor: The Dark World,6.516,17635,"[28, 12, 14]",en,2013-10-30
In the Realm of the Senses,6.6,653,"[18, 10749]",ja,1976-09-15
11 Rebels,7.524,21,"[28, 18, 36, 53]",ja,2024-11-01
Hercules,7.5,7604,"[16, 10751, 14, 12, 35, 10749]",en,1997-06-13
Deva,5.922,51,"[28, 53, 9648, 80]",hi,2025-01-31
Ghost Game,3.778,27,"[27, 53]",en,2024-10-18
Avengers: Doomsday,0.0,0,[878],en,2026-12-18
Naomi -reverse-,4.0,1,[18],ja,2024-05-24
American Psycho,7.4,11424,"[53, 18, 80]",en,2000-04-13
The Godfather Part III,7.417,6427,"[80, 18, 53]",en,1990-12-25
A Bug's Life,7.0,9352,"[10751, 16, 12, 35]",en,1998-11-25
Amazing Love,6.75,24,[18],en,2012-11-06
Cinderella's Revenge,5.526,38,"[14, 27]",en,2024-04-26
Housefull 5,5.8,5,"[35, 9648, 53]",hi,2025-06-05
The Incredible Hulk,6.222,12081,"[878, 28, 12]",en,2008-06-12
Princess Mononoke,8.326,8397,"[12, 14, 16]",ja,1997-07-12
Wolf Man,6.4,651,"[27, 53]",en,2025-01-15
I Am Legend,7.209,16092,"[18, 878, 53]",en,2007-12-12
Notting Hill,7.263,6328,"[10749, 35]",en,1999-05-21
Miracolo italiano,4.121,29,[35],it,1994-12-21
(500) Days of Summer,7.294,10449,"[35, 18, 10749]",en,2009-07-17
Superman,7.1,3964,"[878, 28, 12]",en,1978-12-14
Fast X: Part 2,0.0,0,"[28, 80, 53]",en,
The Matrix Reloaded,7.058,11289,"[12, 28, 53, 878]",en,2003-05-15
After Ever Happy,6.8,1281,"[10749, 18]",en,2022-08-24
Wrong Turn,6.4,2796,"[27, 53]",en,2003-05-30
She's the Man,6.82,3118,"[35, 10749]",en,2006-03-17
Aquaman,6.876,14358,"[28, 12, 14]",en,2018-12-07
Just Go with It,6.705,5843,"[35, 10749]",en,2011-02-10
King Kong,6.887,8067,"[12, 18, 28]",en,2005-12-12
Kalki 2898-AD,6.448,126,"[18, 28, 14, 878]",te,2024-06-26
Ocean's Eleven,7.448,11898,"[53, 80]",en,2001-12-07
He's Just Not That Into You,6.608,3834,"[35, 10749, 18]",en,2009-02-06
"The Gangster, the Cop, the Devil",7.84,1285,"[80, 28, 53]",ko,2019-05-15
Fantastic Beasts and Where to Find Them,7.315,19092,"[14, 12]",en,2016-11-16
Paprika,7.118,535,[18],it,1991-02-13
Watchmen,7.339,9456,"[9648, 28, 878]",en,2009-03-04
Armageddon,6.837,8162,"[28, 53, 878, 12]",en,1998-07-01
Transformers: The Last Knight,6.055,6382,"[28, 12, 878]",en,2017-06-16
The Killer's Game,6.396,427,"[28, 35, 53]",en,2024-09-12
The Croods,6.924,7215,"[16, 12, 10751, 14, 35, 28]",en,2013-03-15
The Goonies,7.512,5869,"[12, 35, 10751]",en,1985-06-07
Homefront,6.947,3602,"[28, 53]",en,2013-11-12
Ice Age: Continental Drift,6.385,7770,"[16, 35, 12, 10751]",en,2012-06-27
Dungeons & Dragons: Honor Among Thieves,7.3,4027,"[12, 14, 35]",en,2023-03-23
I Know What You Did Last Summer,0.0,0,"[27, 53, 9648]",en,2025-07-16
Wallace & Gromit: Vengeance Most Fowl,7.558,504,"[10751, 35, 12, 16]",en,2024-12-18
Last Breath,6.965,329,"[18, 53]",en,2025-02-27
Jumanji: The Next Level,6.893,8918,"[12, 35, 14]",en,2019-12-04
The Day the Earth Blew Up: A Looney Tunes Movie,7.4,90,"[10751, 35, 12, 16, 878]",en,2024-08-01
Sing: Thriller,7.238,166,"[16, 10751, 35, 10402]",en,2024-10-15
Creed II,7.033,5535,"[18, 28]",en,2018-11-21
Raya and the Last Dragon,7.833,6958,"[16, 10751, 14, 28, 12]",en,2021-03-03
Guinea Pig: Mermaid in the Manhole,5.238,61,"[27, 10749]",ja,1988-07-25
Kung Fu Panda 3,6.916,6235,"[28, 12, 16, 35, 10751]",en,2016-01-23
Kingsman: The Golden Circle,6.957,10642,"[28, 12, 35, 80]",en,2017-09-20
The Boy in the Striped Pyjamas,7.827,7343,"[18, 10752, 36]",en,2008-05-07
War of the Worlds,6.518,8621,"[12, 53, 878]",en,2005-06-28
It Feels So Good,6.5,35,"[18, 10749]",ja,2019-08-23
Black Adam,6.86,6586,"[28, 12, 878]",en,2022-10-19
Homefront,6.947,3602,"[28, 53]",en,2013-11-12
"The Gangster, the Cop, the Devil",7.84,1285,"[80, 28, 53]",ko,2019-05-15
The King's Man,6.746,4720,"[28, 12, 53]",en,2021-12-22
Ted,6.446,12629,"[35, 14]",en,2012-06-29
Friday the 13th,6.415,3077,[27],en,1980-05-09
The Fate of the Furious,6.862,10451,"[28, 80, 53]",en,2017-04-12
Fib the Truth,5.6,71,"[18, 53]",ru,2021-09-09
A Quiet Place,7.398,14605,"[27, 18, 878]",en,2018-04-03
Spirit: Stallion of the Cimarron,7.693,4700,"[16, 12, 10751, 18, 37, 10749]",en,2002-05-24
Fantastic Beasts: The Secrets of Dumbledore,6.638,4730,"[14, 12]",en,2022-04-06
The Imitation Game,7.994,17379,"[36, 18, 53, 10752]",en,2014-11-14
Spirit: Stallion of the Cimarron,7.693,4700,"[16, 12, 10751, 18, 37, 10749]",en,2002-05-24
Chasing the Wind,6.2,33,[10749],tr,2025-01-09
Fantastic Beasts: The Secrets of Dumbledore,6.638,4730,"[14, 12]",en,2022-04-06
Old Guy,5.737,114,"[28, 35, 80]",en,2024-12-13
Shaolin Soccer,7.1,2345,"[28, 35]",cn,2001-07-05
Happy Gilmore,6.648,2770,[35],en,1996-02-16
Look Back,8.019,365,"[16, 18]",ja,2024-06-28
Mother's Job,5.292,12,[18],ko,2017-07-27
The Croods: A New Age,7.467,3938,"[16, 10751, 12, 14, 35]",en,2020-11-25
Trolls Band Together,7.295,908,"[16, 10751, 10402, 14, 35]",en,2023-10-12
Prometheus,6.576,12588,"[878, 12, 9648]",en,2012-05-30
Kong: Skull Island,6.5,10681,"[28, 12, 14]",en,2017-03-08
Zombieland,7.26,12546,"[35, 27]",en,2009-10-02
The Mummy Returns,6.378,7234,"[12, 28, 14]",en,2001-05-04
The Town,7.221,5225,"[80, 18, 53]",en,2010-09-15
Kung Fu Panda 2,7.043,7436,"[16, 10751, 35]",en,2011-05-25
Founders Day,4.5,52,"[27, 53, 35]",en,2024-01-19
I Know What You Did Last Summer,6.0,2895,"[27, 53, 9648]",en,1997-10-17
The Help,8.206,8581,[18],en,2011-08-09
X-Men: Apocalypse,6.5,13217,"[28, 12, 878, 14]",en,2016-05-18
The Curious Case of Benjamin Button,7.593,13107,"[18, 14, 10749]",en,2008-12-25
After Everything,6.894,924,"[10749, 18]",en,2023-09-13
2001: A Space Odyssey,8.1,11879,"[878, 9648, 12]",en,1968-04-02
Aladdin,7.653,11493,"[16, 10751, 12, 14, 10749]",en,1992-11-25
How to Lose a Guy in 10 Days,6.8,4148,"[35, 10749]",en,2003-02-07
Fed Up,0.0,0,[18],es,2021-11-06
Memento,8.178,15342,"[9648, 53]",en,2000-10-11
Wonder Woman 1984,6.4,8659,"[28, 12, 14]",en,2020-12-16
Quarantine,6.5,6,"[18, 80]",tr,2025-01-09
Bad Boys for Life,7.131,8429,"[53, 28, 80]",en,2020-01-15
The Simpsons Movie,7.011,8176,"[16, 35, 10751]",en,2007-07-25
The Bayou,6.0,93,"[53, 27, 28]",en,2025-01-31
Return of the Jedi,7.903,16127,"[12, 28, 878]",en,1983-05-25
Casino Royale,7.56,11012,"[12, 28, 53]",en,2006-11-14
Eternals,6.814,8606,"[878, 28, 12]",en,2021-11-03
Rush Hour 3,6.481,3432,"[28, 35, 80]",en,2007-08-08
BLUE LOCK THE MOVIE -EPISODE NAGI-,7.405,195,"[16, 28, 18]",ja,2024-04-19
Nightcrawler,7.704,11087,"[80, 18, 53]",en,2014-10-23
Justin Willman: Magic Lover,8.0,2,[35],en,2025-06-17
The Pig & I: A Love Story,5.493,67,"[27, 10749]",fr,1975-10-01
Maria,6.475,322,"[36, 18, 10402]",en,2024-11-27
Land of Bad,7.262,1285,"[28, 10752, 53]",en,2024-02-09
Independence Day,6.893,9824,"[28, 12, 878]",en,1996-06-25
It Follows,6.585,6539,"[27, 9648]",en,2015-02-04
Ford v Ferrari,8.002,8334,"[18, 28, 36]",en,2019-11-13
Blue Beetle,6.683,2826,"[28, 878, 12]",en,2023-08-16
The SpongeBob SquarePants Movie,7.0,2997,"[10751, 35, 12, 16]",en,2004-11-19
Knock Knock,5.4,3285,"[80, 27, 53]",en,2015-06-26
Easter Bloody Easter,4.25,8,"[27, 35, 14]",en,2024-03-25
The Departed,8.159,15360,"[18, 53, 80]",en,2006-10-04
Fargo,7.855,8428,"[80, 18, 53]",en,1996-03-08
Ricky Stanicky,6.511,672,[35],en,2024-03-07
825 Forest Road,5.814,35,"[27, 53]",en,2025-04-24
Infinite,6.619,1938,"[878, 28, 12]",en,2021-09-09
A Silent Voice: The Movie,8.385,4143,"[16, 18, 10749]",ja,2016-09-17
Ghost,7.226,5714,"[14, 18, 53, 9648, 10749]",en,1990-07-13
Percy Jackson & the Olympians: The Lightning Thief,6.21,7564,"[12, 14, 10751]",en,2010-02-01
Coming to America,6.9,4472,"[35, 10749]",en,1988-06-29
Bruce Almighty,6.719,10955,"[14, 35]",en,2003-05-23
Operation Undead,4.059,17,"[27, 28, 53, 10752]",th,2024-07-20
Kung Fu Panda 2,7.043,7435,"[16, 10751, 35]",en,2011-05-25
The SpongeBob SquarePants Movie,7.0,2997,"[10751, 35, 12, 16]",en,2004-11-19
Land of Bad,7.262,1285,"[28, 10752, 53]",en,2024-02-09
After Everything,6.894,924,"[10749, 18]",en,2023-09-13
Psycho,8.422,10392,"[27, 53, 9648]",en,1960-06-22
How to Lose a Guy in 10 Days,6.8,4148,"[35, 10749]",en,2003-02-07
Free Guy,7.478,9121,"[35, 12, 878]",en,2021-08-11
Dilwale Dulhania Le Jayenge,8.517,4491,"[35, 18, 10749]",hi,1995-10-20
Evil Dead Rise,6.934,3291,"[27, 53]",en,2023-04-12
Kung Fu Hustle,7.5,2914,"[28, 35, 80, 14]",cn,2004-02-10
Annabelle Comes Home,6.4,3605,[27],en,2019-06-26
Scarlet Innocence,6.2,62,"[53, 18, 10749]",ko,2014-10-02
Zombieland,7.26,12546,"[35, 27]",en,2009-10-02
Better Man,7.789,552,"[10402, 18]",en,2024-12-06
Here After,5.345,74,"[27, 53]",en,2024-07-25
Uncharted,6.908,6287,"[28, 12]",en,2022-02-10
Bagman,6.268,340,"[27, 53]",en,2024-09-20
The Aristocats,7.287,5150,"[16, 35, 10751, 12]",en,1970-12-24
Kill 'em All 2,6.7,150,"[28, 80, 53]",en,2024-09-24
Dark Match,5.0,15,"[28, 27]",en,2024-07-21
Dawn of the Planet of the Apes,7.331,11704,"[878, 28, 18, 53]",en,2014-07-08
Fantastic Four: Rise of the Silver Surfer,5.609,7994,"[878, 12, 28]",en,2007-06-13
It Ends with Us,7.017,1641,"[18, 10749]",en,2024-08-07
xXx: Return of Xander Cage,6.134,9040,"[28, 12, 80]",en,2017-01-13
Life,6.443,7538,"[27, 878, 9648, 53]",en,2017-03-22
No Love Lost,6.021,47,"[35, 18]",fr,2023-12-20
Rocky,7.79,8114,[18],en,1976-11-20
Lie with Me,5.2,284,[18],en,2006-02-14
No Way Up,6.322,1027,"[53, 27, 28]",en,2024-01-18
Ejen Ali: The Movie 2,7.8,5,"[16, 28, 12, 35, 10751, 9648, 878, 53]",ms,2025-05-22
All Quiet on the Western Front,7.7,4199,"[10752, 36, 18]",de,2022-10-07
The Intern,7.222,6894,[35],en,2015-09-23
Split,7.341,17694,"[27, 53]",en,2017-01-19
Donnie Darko,7.771,12773,"[14, 18, 9648]",en,2001-01-19
The Hunger Games: Mockingjay - Part 2,6.898,12792,"[28, 12, 878]",en,2015-11-18
Madagascar: Escape 2 Africa,6.512,7084,"[10751, 12, 16, 35]",en,2008-10-30
RRR,7.757,1416,"[28, 12, 18]",te,2022-03-24
Snatch,7.812,9350,"[80, 35]",en,2000-09-01
Indiana Jones and the Temple of Doom,7.299,9573,"[12, 28]",en,1984-05-23
